n_fft,hop_length,n_mels,fmin,fmax,ARI,NMI
512,128,64,1,2000,0.21646612471507815,0.5274428755147142
512,128,64,1,4000,0.28391683528224493,0.5650417453744684
512,128,64,1,6000,0.30309080660200927,0.5848247435336907
512,128,64,1,8000,0.26949592272476314,0.5489191683318095
512,128,64,1,12000,0.24797804275452,0.5474818791846773
512,128,64,5,2000,0.2977029690466848,0.5931536821977461
512,128,64,5,4000,0.31970172568784355,0.5968768050826159
512,128,64,5,6000,0.2225832085735234,0.5294215076587948
512,128,64,5,8000,0.30311494010915385,0.5838258577943932
512,128,64,5,12000,0.24797804275452,0.5474818791846773
512,128,64,10,2000,0.2576515071417423,0.554660757122984
512,128,64,10,4000,0.25450239890661114,0.541657408182132
512,128,64,10,6000,0.21315834208725443,0.5024980381788241
512,128,64,10,8000,0.35607809119589406,0.6123328058192028
512,128,64,10,12000,0.24797804275452,0.5474818791846773
512,128,64,20,2000,0.28916293813578803,0.5551718818375374
512,128,64,20,4000,0.3428953767644841,0.6050887529196146
512,128,64,20,6000,0.29174012146734135,0.5800690624785863
512,128,64,20,8000,0.33808828951399744,0.5943499737117813
512,128,64,20,12000,0.35816444833713884,0.6152258860228089
512,128,64,50,2000,0.18250899304825235,0.5016246275755751
512,128,64,50,4000,0.318159327065809,0.5877599258138169
512,128,64,50,6000,0.22063198069259696,0.5328142369878225
512,128,64,50,8000,0.23484628298506427,0.5207961505233234
512,128,64,50,12000,0.34556479147306324,0.608529752542171
512,128,128,1,2000,0.12607218704287776,0.4416631661953851
512,128,128,1,4000,0.23394306776124404,0.5250884962397697
512,128,128,1,6000,0.23833662814147924,0.5428104467593768
512,128,128,1,8000,0.3793483502100985,0.6304840867036767
512,128,128,1,12000,0.20384107691853526,0.5249574617539701
512,128,128,5,2000,0.12624055942619794,0.44074270456840353
512,128,128,5,4000,0.14051680870866043,0.4560219058444988
512,128,128,5,6000,0.2548405025009889,0.5518691501607486
512,128,128,5,8000,0.36474478197974786,0.6134666351970702
512,128,128,5,12000,0.18623459088525088,0.5009748577221356
512,128,128,10,2000,0.09464274581457023,0.4162358822325969
512,128,128,10,4000,0.28669936431646453,0.5771473021581014
512,128,128,10,6000,0.21236804721840905,0.5164213935627774
512,128,128,10,8000,0.24661395434730843,0.5571653056548288
512,128,128,10,12000,0.27519385900500465,0.5509294693978835
512,128,128,20,2000,0.19290753318520154,0.5107542512702385
512,128,128,20,4000,0.15092472320158348,0.45796440107213415
512,128,128,20,6000,0.3442364669760339,0.604528980896313
512,128,128,20,8000,0.17202837563692278,0.4907600956067528
512,128,128,20,12000,0.29558801013478475,0.5828150811859234
512,128,128,50,2000,0.16643035840390646,0.4915721034680424
512,128,128,50,4000,0.2224868571676586,0.4997041710660303
512,128,128,50,6000,0.22164873400244012,0.5038907346809595
512,128,128,50,8000,0.20495746591416833,0.5228867968731633
512,128,128,50,12000,0.33288076550675877,0.617105311991003
512,128,256,1,2000,0.13447300757466416,0.4701349146401791
512,128,256,1,4000,0.08548721987542063,0.43517117857218446
512,128,256,1,6000,0.11541123574134442,0.44225926418285083
512,128,256,1,8000,0.14913280981570654,0.48144227967921627
512,128,256,1,12000,0.12986421115631916,0.4729148191397835
512,128,256,5,2000,0.13762280606500507,0.4672134153583062
512,128,256,5,4000,0.13812678450224658,0.4795344995393949
512,128,256,5,6000,0.17819911086326812,0.5063640707674784
512,128,256,5,8000,0.08951597572228069,0.42194690015422526
512,128,256,5,12000,0.1603730841939163,0.49304384200193174
512,128,256,10,2000,0.06525960408241466,0.38532050406020263
512,128,256,10,4000,0.06261457890119819,0.4039683549270578
512,128,256,10,6000,0.08690384105673686,0.40985474137850997
512,128,256,10,8000,0.1293535013523614,0.46756231140590665
512,128,256,10,12000,0.10704751873021774,0.4191045870772266
512,128,256,20,2000,0.0038371329823611217,0.33861707095632265
512,128,256,20,4000,0.016368238698447734,0.3491219727777396
512,128,256,20,6000,0.060767036271905786,0.3780690118197233
512,128,256,20,8000,0.09351382168491529,0.42330786695272643
512,128,256,20,12000,0.11992669295353686,0.45064984673767094
512,128,256,50,2000,0.06751322854727831,0.4025005625554293
512,128,256,50,4000,0.12343380826233265,0.46459084446853444
512,128,256,50,6000,0.13647507627165192,0.47161314066846005
512,128,256,50,8000,0.15520206596101366,0.4863907587270386
512,128,256,50,12000,0.12469845982557061,0.44732869999258323
512,256,64,1,2000,0.2897716483743035,0.5467579768599943
512,256,64,1,4000,0.31381678210944075,0.5826422437575224
512,256,64,1,6000,0.30235266123602045,0.5580713417270099
512,256,64,1,8000,0.1787877626946931,0.4877853555468266
512,256,64,1,12000,0.35781194173601005,0.6233240046925719
512,256,64,5,2000,0.3452440917895218,0.5862234514366035
512,256,64,5,4000,0.23271650502835248,0.5247481126372302
512,256,64,5,6000,0.28540285266915383,0.5387523353326936
512,256,64,5,8000,0.1787877626946931,0.4877853555468266
512,256,64,5,12000,0.35781194173601005,0.6233240046925719
512,256,64,10,2000,0.31851022488213643,0.5809412839891025
512,256,64,10,4000,0.2645893435235952,0.5463177906316887
512,256,64,10,6000,0.30235266123602045,0.5580713417270099
512,256,64,10,8000,0.1787877626946931,0.4877853555468266
512,256,64,10,12000,0.35781194173601005,0.6233240046925719
512,256,64,20,2000,0.1968037473307157,0.5233018438264052
512,256,64,20,4000,0.250479328803695,0.52602628707958
512,256,64,20,6000,0.3355968314392314,0.5941187419735453
512,256,64,20,8000,0.36342523640512747,0.6145356250599056
512,256,64,20,12000,0.3364056731272104,0.603068909768441
512,256,64,50,2000,0.25071367075988943,0.5172067045764684
512,256,64,50,4000,0.2547525324614389,0.5225067263658028
512,256,64,50,6000,0.30235266123602045,0.5580713417270099
512,256,64,50,8000,0.33025855478657967,0.5926030154157471
512,256,64,50,12000,0.29035610590433936,0.5747617256259662
512,256,128,1,2000,0.1355081555834379,0.48851568823281777
512,256,128,1,4000,0.20919823698324452,0.5423446890025403
512,256,128,1,6000,0.27751187252704235,0.5557424064719938
512,256,128,1,8000,0.21028479050213625,0.5210675768764896
512,256,128,1,12000,0.294955194643823,0.5652517701578241
512,256,128,5,2000,0.13277567999277534,0.47466892480438894
512,256,128,5,4000,0.20278081775712198,0.49392722538414263
512,256,128,5,6000,0.21404736097240037,0.5393699760813155
512,256,128,5,8000,0.2946718417263824,0.5987020509742224
512,256,128,5,12000,0.13084898110511775,0.465654434964453
512,256,128,10,2000,0.1422012994592071,0.47268230331192507
512,256,128,10,4000,0.09047832490235,0.4102255230842177
512,256,128,10,6000,0.19896329916586705,0.4981506871798368
512,256,128,10,8000,0.24377583437803657,0.5265749035567163
512,256,128,10,12000,0.3276174543426739,0.5970070340589985
512,256,128,20,2000,0.16645946111690296,0.4912625829763317
512,256,128,20,4000,0.18681339432822996,0.4786964082463155
512,256,128,20,6000,0.2266438747612256,0.49784894212521336
512,256,128,20,8000,0.20044647226326018,0.4950574513122136
512,256,128,20,12000,0.2568308769868408,0.5417833204776128
512,256,128,50,2000,0.23579378545033247,0.49990807315506247
512,256,128,50,4000,0.14906953875407208,0.4797554699642341
512,256,128,50,6000,0.17059442073359313,0.48828785748005527
512,256,128,50,8000,0.20889210049164122,0.5351648114378293
512,256,128,50,12000,0.28142324107310107,0.5455366470574019
512,256,256,1,2000,0.07032992483171467,0.4026423478355777
512,256,256,1,4000,0.06568936722954166,0.39194825071158584
512,256,256,1,6000,0.08185675068629898,0.4162033856720372
512,256,256,1,8000,0.13277380222546536,0.4539189032852081
512,256,256,1,12000,0.11696433010534689,0.4509057927506383
512,256,256,5,2000,0.0979524994263759,0.44202451812784216
512,256,256,5,4000,0.13102312593971505,0.47551955251655426
512,256,256,5,6000,0.08420559759542043,0.4200028651505192
512,256,256,5,8000,0.15751913339743553,0.48159659908417923
512,256,256,5,12000,0.16632375389925003,0.5127802658466102
512,256,256,10,2000,0.08054679989094614,0.4223949750978946
512,256,256,10,4000,0.04731495912952983,0.3847876071242331
512,256,256,10,6000,0.13491729993266538,0.46138855965373227
512,256,256,10,8000,0.07900840593646148,0.3998199425731525
512,256,256,10,12000,0.1640115733576983,0.48868769985496036
512,256,256,20,2000,0.1290037619751131,0.4710119905014015
512,256,256,20,4000,0.11582355654401724,0.46171445608688483
512,256,256,20,6000,0.09380129556081421,0.42281973062278394
512,256,256,20,8000,0.13818278356673525,0.4675892235483739
512,256,256,20,12000,0.1295943995885575,0.47145255231223054
512,256,256,50,2000,0.05390695607451903,0.39156497990714967
512,256,256,50,4000,0.09614912803360688,0.43148944098901404
512,256,256,50,6000,0.05692357602179352,0.3467177129596147
512,256,256,50,8000,0.11684800296413497,0.459019342302009
512,256,256,50,12000,0.13177433937162425,0.44520335213393664
1024,128,64,1,2000,0.2947306399828233,0.6003876881460841
1024,128,64,1,4000,0.2991568174894538,0.5758954469925454
1024,128,64,1,6000,0.22933777134326475,0.5271210825030038
1024,128,64,1,8000,0.20474118796057889,0.5188866821332179
1024,128,64,1,12000,0.2547525324614389,0.5466902535466354
1024,128,64,5,2000,0.3178945123901488,0.611110716939074
1024,128,64,5,4000,0.310417758390339,0.5921156373916516
1024,128,64,5,6000,0.28050736004124593,0.5715251817866945
1024,128,64,5,8000,0.2263319249390247,0.5390980836329057
1024,128,64,5,12000,0.2547525324614389,0.5466902535466354
1024,128,64,10,2000,0.27639834359066445,0.5743037317506273
1024,128,64,10,4000,0.2102979461961238,0.5030224365297551
1024,128,64,10,6000,0.2909596339838999,0.5678119131627085
1024,128,64,10,8000,0.24668140042332296,0.561053139566258
1024,128,64,10,12000,0.2547525324614389,0.5466902535466355
1024,128,64,20,2000,0.30467286904217983,0.591875408152344
1024,128,64,20,4000,0.3572519984344926,0.5934798912456875
1024,128,64,20,6000,0.23295209273370868,0.5467081651278345
1024,128,64,20,8000,0.2598539235856341,0.5548328280789991
1024,128,64,20,12000,0.23301530383556382,0.5254110338820867
1024,128,64,50,2000,0.26670424889804684,0.5426312311596392
1024,128,64,50,4000,0.2518683227819716,0.5550886998258882
1024,128,64,50,6000,0.35607809119589406,0.6162749091460751
1024,128,64,50,8000,0.2680963449159686,0.5550671775258551
1024,128,64,50,12000,0.2969419782162071,0.587418300230428
1024,128,128,1,2000,0.22498905641349579,0.5283397966503802
1024,128,128,1,4000,0.15613778102204084,0.47951501075741737
1024,128,128,1,6000,0.22856741192241842,0.5228259555796431
1024,128,128,1,8000,0.2568308769868408,0.5804652890344326
1024,128,128,1,12000,0.2732499959431171,0.5520133349359357
1024,128,128,5,2000,0.24292993805540675,0.5528626912342587
1024,128,128,5,4000,0.3533279369919204,0.5968786865399844
1024,128,128,5,6000,0.3265905634166296,0.5895719831384691
1024,128,128,5,8000,0.18190197947099537,0.5308933154472486
1024,128,128,5,12000,0.35118797494949905,0.5933292624704529
1024,128,128,10,2000,0.30172573761365745,0.6054609992683304
1024,128,128,10,4000,0.22214727058944775,0.5250305612904775
1024,128,128,10,6000,0.2754994742376446,0.5709790257198576
1024,128,128,10,8000,0.18341601435323768,0.4856993960803719
1024,128,128,10,12000,0.46731209720691663,0.6719701511566893
1024,128,128,20,2000,0.1290156681231622,0.4486493458525789
1024,128,128,20,4000,0.29537618784838066,0.5959378925439891
1024,128,128,20,6000,0.23650975295281196,0.5240729006930321
1024,128,128,20,8000,0.1640115733576983,0.47344835674803165
1024,128,128,20,12000,0.2926707905363999,0.5610427008205792
1024,128,128,50,2000,0.18465356438973102,0.5115720398054602
1024,128,128,50,4000,0.18313335270861877,0.49693570736755416
1024,128,128,50,6000,0.2137749069297933,0.5411118068006144
1024,128,128,50,8000,0.2744305637966334,0.5768340724100778
1024,128,128,50,12000,0.2625198043672935,0.5718465973772335
1024,128,256,1,2000,0.17786334182221952,0.5158029769865866
1024,128,256,1,4000,0.13862459896270038,0.4750353056230192
1024,128,256,1,6000,0.2642601705813124,0.5462065513310382
1024,128,256,1,8000,0.22820210423086515,0.527494427797662
1024,128,256,1,12000,0.28394167480238086,0.5509376727730736
1024,128,256,5,2000,0.1806606394524617,0.5210521350546278
1024,128,256,5,4000,0.18837111921995572,0.48450220222304896
1024,128,256,5,6000,0.15281427472848325,0.4678860425102678
1024,128,256,5,8000,0.2027816424713427,0.51910486225553
1024,128,256,5,12000,0.24278957923361247,0.5331296342417022
1024,128,256,10,2000,0.1579013913107612,0.5109960760913655
1024,128,256,10,4000,0.1999072845858329,0.4971433398997534
1024,128,256,10,6000,0.18263488705960887,0.5061317586178978
1024,128,256,10,8000,0.16320710976895714,0.4822293816772997
1024,128,256,10,12000,0.1107685157135091,0.4205934467099149
1024,128,256,20,2000,0.18250899304825235,0.5003129744511514
1024,128,256,20,4000,0.17536988491476904,0.49945571611725004
1024,128,256,20,6000,0.2125569717860569,0.5043495825359121
1024,128,256,20,8000,0.16783127583499088,0.48260569453855645
1024,128,256,20,12000,0.22736553889571584,0.5164408943491158
1024,128,256,50,2000,0.05344494870931358,0.3900617166938745
1024,128,256,50,4000,0.15938063272263533,0.4781392964751169
1024,128,256,50,6000,0.18363195467807075,0.46526189960645664
1024,128,256,50,8000,0.18742787577513728,0.5052746033601386
1024,128,256,50,12000,0.18007075087973745,0.4935344206421565
1024,256,64,1,2000,0.2580540103272032,0.5526320655560092
1024,256,64,1,4000,0.2793834406844563,0.5734954188364886
1024,256,64,1,6000,0.3348274316450022,0.6072370088506139
1024,256,64,1,8000,0.19079454326118264,0.5058024284906132
1024,256,64,1,12000,0.33815446919294184,0.6079325616141312
1024,256,64,5,2000,0.2580540103272032,0.5526320655560092
1024,256,64,5,4000,0.2168891209854547,0.5091445988240263
1024,256,64,5,6000,0.3348274316450022,0.6072370088506139
1024,256,64,5,8000,0.2960399648818356,0.5651800801313128
1024,256,64,5,12000,0.33815446919294184,0.6079325616141312
1024,256,64,10,2000,0.24929765330701467,0.5457371138608295
1024,256,64,10,4000,0.20014603064542394,0.5035469142313671
1024,256,64,10,6000,0.33763600222310125,0.5999898881506324
1024,256,64,10,8000,0.30553664198669317,0.5854360878831762
1024,256,64,10,12000,0.3341569615804877,0.5975749616489713
1024,256,64,20,2000,0.3601710276057625,0.6452106981399236
1024,256,64,20,4000,0.20544079587183997,0.5069257525669366
1024,256,64,20,6000,0.23714855404392493,0.5365251787730372
1024,256,64,20,8000,0.2547525324614389,0.5557342974752503
1024,256,64,20,12000,0.32009203457841817,0.6236422543214655
1024,256,64,50,2000,0.24278957923361247,0.5412679343935787
1024,256,64,50,4000,0.30657944395521447,0.5801844889145242
1024,256,64,50,6000,0.33642348780813053,0.6080351595176621
1024,256,64,50,8000,0.24688972493664824,0.5270896905806085
1024,256,64,50,12000,0.25088845735675147,0.5479095380077877
1024,256,128,1,2000,0.2811968229386427,0.575875731777907
1024,256,128,1,4000,0.2492279729259261,0.524099794912325
1024,256,128,1,6000,0.294955194643823,0.5448957838416147
1024,256,128,1,8000,0.3122693933088677,0.5602922298273755
1024,256,128,1,12000,0.3249458614327377,0.5986675298512762
1024,256,128,5,2000,0.30323738923959,0.5803858036756481
1024,256,128,5,4000,0.28291474379477183,0.5279550295041001
1024,256,128,5,6000,0.32813433331120995,0.6014602871858152
1024,256,128,5,8000,0.31662521803284294,0.5615966543152319
1024,256,128,5,12000,0.24364517582241185,0.5742587038787956
1024,256,128,10,2000,0.18671120215891643,0.5095022780890895
1024,256,128,10,4000,0.29775419112220153,0.5397592895420981
1024,256,128,10,6000,0.3166208826874244,0.599910173184024
1024,256,128,10,8000,0.25150166334842394,0.5521889450763389
1024,256,128,10,12000,0.40122957128881515,0.6473769590137919
1024,256,128,20,2000,0.28170935677020775,0.554527137196473
1024,256,128,20,4000,0.2870080001680928,0.5791670331691277
1024,256,128,20,6000,0.3243398657911085,0.5797312255925783
1024,256,128,20,8000,0.3332399998035084,0.623626823373312
1024,256,128,20,12000,0.2949856611360689,0.5815360536786685
1024,256,128,50,2000,0.239685226518068,0.5164960197844743
1024,256,128,50,4000,0.2857940749085298,0.5707049010533227
1024,256,128,50,6000,0.25623477307346043,0.5648594865194984
1024,256,128,50,8000,0.3098924615602601,0.5950830695884975
1024,256,128,50,12000,0.2249597700251535,0.5446908458440151
1024,256,256,1,2000,0.12735771364960727,0.47188179791169804
1024,256,256,1,4000,0.20214881608691931,0.4939541688728194
1024,256,256,1,6000,0.28731510533393095,0.557136452520796
1024,256,256,1,8000,0.13476945156523668,0.4486390471782782
1024,256,256,1,12000,0.32125248127041045,0.6035522767025885
1024,256,256,5,2000,0.1272772647866234,0.46272409432977385
1024,256,256,5,4000,0.09260737593642461,0.38840912174403175
1024,256,256,5,6000,0.265135254042956,0.5477083426596205
1024,256,256,5,8000,0.32383675226941583,0.5914263746545092
1024,256,256,5,12000,0.3545613139545972,0.6428967503687687
1024,256,256,10,2000,0.2151034843440123,0.5307195359713224
1024,256,256,10,4000,0.25344657988425684,0.564826905996827
1024,256,256,10,6000,0.2392137083032294,0.515985275508315
1024,256,256,10,8000,0.3232004874692049,0.5782835006798656
1024,256,256,10,12000,0.2323651878359715,0.5107898019219171
1024,256,256,20,2000,0.2034510757053519,0.5108718542712904
1024,256,256,20,4000,0.24256489683443183,0.5229771137133353
1024,256,256,20,6000,0.24670274160288969,0.5244894236671289
1024,256,256,20,8000,0.20919823698324452,0.508141970975113
1024,256,256,20,12000,0.30313787733888775,0.57408404623744
1024,256,256,50,2000,0.0889367745727019,0.42164499944394346
1024,256,256,50,4000,0.1475843251236119,0.4767233351165691
1024,256,256,50,6000,0.26168891943337963,0.533706247831523
1024,256,256,50,8000,0.3008113252318613,0.5504090365666255
1024,256,256,50,12000,0.3054612286873603,0.5759737076662464
1024,512,64,1,2000,0.23847208099385472,0.5344516040451782
1024,512,64,1,4000,0.31247677183193245,0.5973350304821008
1024,512,64,1,6000,0.28743965062640475,0.5852890356286082
1024,512,64,1,8000,0.23147479596257364,0.5258738426283515
1024,512,64,1,12000,0.24663702936394896,0.5584155805055583
1024,512,64,5,2000,0.1873301129631516,0.4810419466865944
1024,512,64,5,4000,0.20474118796057889,0.5145560477938369
1024,512,64,5,6000,0.28743965062640475,0.5852890356286082
1024,512,64,5,8000,0.2939850394507634,0.5638020469691208
1024,512,64,5,12000,0.26102255496087623,0.5368526367542382
1024,512,64,10,2000,0.16515036579591796,0.48209395484591877
1024,512,64,10,4000,0.2249597700251535,0.5089925990689304
1024,512,64,10,6000,0.2748150391998809,0.5697412635351751
1024,512,64,10,8000,0.2939850394507634,0.5638020469691208
1024,512,64,10,12000,0.2521643858059297,0.5364040240661332
1024,512,64,20,2000,0.16204320379915446,0.4807447283200749
1024,512,64,20,4000,0.24024277991412057,0.5393849814611102
1024,512,64,20,6000,0.2748150391998809,0.5697412635351751
1024,512,64,20,8000,0.2759187900756964,0.5612176110819787
1024,512,64,20,12000,0.3022154583924104,0.5610335347093213
1024,512,64,50,2000,0.293231285572724,0.5786260941173764
1024,512,64,50,4000,0.2027790150572647,0.5088755823556412
1024,512,64,50,6000,0.2744865011294572,0.573887315452197
1024,512,64,50,8000,0.30736464267255825,0.5653260616125589
1024,512,64,50,12000,0.1743209590548445,0.5099264450308197
1024,512,128,1,2000,0.14436815735758027,0.46497345206540464
1024,512,128,1,4000,0.2102979461961238,0.5264113592493523
1024,512,128,1,6000,0.06695430353037508,0.37542798012875117
1024,512,128,1,8000,0.16862640164385498,0.49866471984054916
1024,512,128,1,12000,0.17696080498053599,0.5044137966311306
1024,512,128,5,2000,0.21923567506610245,0.4943366745652445
1024,512,128,5,4000,0.22771198558566108,0.5382269234097783
1024,512,128,5,6000,0.16072721692299577,0.4535795997345884
1024,512,128,5,8000,0.22493380687818992,0.5613194962401791
1024,512,128,5,12000,0.2640258063144693,0.5540792465989692
1024,512,128,10,2000,0.16741696009825624,0.45648697505517943
1024,512,128,10,4000,0.1816138561649797,0.5046580393244927
1024,512,128,10,6000,0.21437864546025992,0.5241327042442252
1024,512,128,10,8000,0.2633679698199276,0.5818884216614925
1024,512,128,10,12000,0.26140141806922745,0.5664644212785666
1024,512,128,20,2000,0.17015424178471253,0.49265569417468175
1024,512,128,20,4000,0.09573649449299172,0.43892122760827296
1024,512,128,20,6000,0.20654312766309002,0.5184092387449576
1024,512,128,20,8000,0.17871550233719666,0.47496537783096215
1024,512,128,20,12000,0.124618507851391,0.4125923867831992
1024,512,128,50,2000,0.20752493243275225,0.5097698291925465
1024,512,128,50,4000,0.07742989592548014,0.40957579057884963
1024,512,128,50,6000,0.1732771607983255,0.49636015452268617
1024,512,128,50,8000,0.23031210368966354,0.5504132210855125
1024,512,128,50,12000,0.1640968628540925,0.47904834856064976
1024,512,256,1,2000,0.1577055971509104,0.5009241228669526
1024,512,256,1,4000,0.08409105191157774,0.41033403146021197
1024,512,256,1,6000,0.1383894744093132,0.4604262269616629
1024,512,256,1,8000,0.16625277614435466,0.4515938225509268
1024,512,256,1,12000,0.2310955827302221,0.5050293035603389
1024,512,256,5,2000,0.18948405536138208,0.5110298741424794
1024,512,256,5,4000,0.19896329916586705,0.49455392429352546
1024,512,256,5,6000,0.2350576893348511,0.5319596598328812
1024,512,256,5,8000,0.12913419001474616,0.43933589514160576
1024,512,256,5,12000,0.2353919012106626,0.4980869432734544
1024,512,256,10,2000,0.13577821849662283,0.46813982445331614
1024,512,256,10,4000,0.13622530537677505,0.464754963928572
1024,512,256,10,6000,0.2377220262085059,0.5427078200261661
1024,512,256,10,8000,0.16640228852885666,0.5018444106874382
1024,512,256,10,12000,0.13986636118830445,0.4270824061337474
1024,512,256,20,2000,0.15113996748972927,0.46256014619680313
1024,512,256,20,4000,0.11541123574134442,0.42278401857731696
1024,512,256,20,6000,0.1316678904911442,0.45683753222890355
1024,512,256,20,8000,0.16172139980434125,0.49534279970111633
1024,512,256,20,12000,0.14011915551131382,0.4477735253770666
1024,512,256,50,2000,0.036436236585974544,0.3437720702606897
1024,512,256,50,4000,0.10910261669721817,0.4266528654437777
1024,512,256,50,6000,0.11695895531082952,0.4501990336606631
1024,512,256,50,8000,0.1041147219335325,0.4304829217630187
1024,512,256,50,12000,0.22886851957088508,0.4929360852414916
